Summary,Issue Type,Project name,Assignee,Component/s,Story Points,Sprint,Description,Acceptance Criteria,Implements (Outwards Link),Team
Determine limitations of existing Splunk UF install design.,Story,DSOTEAM,jam01370,,1,1,"As a solutions engineer,  I want to create Ansible inventory files for Unix Prod servers so that playbooks can run on the targeted hosts.",,DSOPROG-437,DSO AppDynamites
Create Ansible inventory files for Unix Prod servers,Story,DSOTEAM,jam01370,,1,1,"As a solutions engineer, I want to create Ansible inventory files for Unix Non-Prod servers so that playbooks can run on the targeted hosts. ",,DSOPROG-437,DSO AppDynamites
Create Ansible inventory files for Unix Non-Prod servers,Story,DSOTEAM,jam01370,,2,1,"As a solutions engineer, I want to determine the improvements required on the existing Splunk UF installer playbook so that I can design and implement the necessary updates to the playbook. ",,DSOPROG-437,DSO AppDynamites
Determine Ansible connectivity (Unix Prod servers),Story,DSOTEAM,jam01370,,3,2,"As a solutions engineer, I want to determine current Ansible connectivity to Unix Prod servers so we know which hosts can support Ansible automation and which need remediation such as ssh keys an/or python library updates.",,DSOPROG-437,DSO AppDynamites
Determine Ansible connectivity (Unix Non-Prod servers),Story,DSOTEAM,jam01370,,3,2,"As a solutions engineer, I want to determine current Ansible connectivity to Unix Non-Prod servers so we know which hosts can support Ansible automation and which need remediation such as ssh keys an/or python library updates. ",,DSOPROG-437,DSO AppDynamites
Remediate Unix Prod & Non-Prod servers to support Ansible Automation,Story,DSOTEAM,jam01370,,4,2,"As a solutions engineer, I want to remediate all Unix Prod & Non-Prod servers that need ssh keys, python library updates, etc. to support Ansible automation.",,DSOPROG-437,DSO AppDynamites
Disable syslog forwarding ,Story,DSOTEAM,jam01370,,3,2,"As a solutions engineer, I want to implement an Ansible playbook/role to disable syslog forwarding on Unix Prod & Non-Prod servers so that logs are not double forwarded when Splunk UF is installed.  3 points",,DSOPROG-437,DSO AppDynamites
Install Splunk UF on Unix,Story,DSOTEAM,jam01370,,5,2,"As a solutions engineer, I want to implement an Ansible playbook to install Splunk UF on Unix Prod & Non-Prod servers so that Splunk logging can be enabled.  ",,DSOPROG-437,DSO AppDynamites
Upgrade Splunk UF on Unix,Story,DSOTEAM,jam01370,,5,2,"As a solutions engineer, I want to implement an Ansible playbook to upgrade Splunk UF on Unix Prod & Non-Prod servers so that Splunk logging can be kept up to date.  ",,DSOPROG-437,DSO AppDynamites
Establish service account for AppDynamics,Story,DSOTEAM,jam01370,,4,2,"As a solutions engineer, I want to establish an AppD service account and implement it on Ansible Tower so that Ansible-AppD automation is supported. ",,DSOPROG-437,DSO AppDynamites
Install Splunk UF on Windows,Story,DSOTEAM,jam01370,,5,3,"As a solutions engineer, I want to implement an Ansible playbook to install Splunk UF on Windows Prod & Non-Prod servers so that Splunk logging can be enabled.",,DSOPROG-437,DSO AppDynamites
Upgrade Splunk UF on Windows,Story,DSOTEAM,jam01370,,5,3,"As a solutions engineer, I want to implement an Ansible playbook to upgrade Splunk UF on Windows Prod & Non-Prod servers so that Splunk logging can be kept up to date.",,DSOPROG-437,DSO AppDynamites
Install and configure AppDynamics,Story,DSOTEAM,jam01370,,4,3,"As a solutions engineer, I want to implement an Ansible playbook to install and configure AppDynamics on Windows servers so that performance can be monitored. ",,DSOPROG-437,DSO AppDynamites
Upgrade AppDynamics,Story,DSOTEAM,jam01370,,4,3,"As a solutions engineer, I want to implement an Ansible playbook to upgrade AppDynamics on Windows servers so that performance can be kept up to date.",,DSOPROG-437,DSO AppDynamites
Inventory files for Windows Prod servers,Story,DSOTEAM,jam01370,,3,4,"As a solutions engineer,  I want to create Ansible inventory files for Windows Prod servers so that playbooks can run on the targeted hosts.",,DSOPROG-437,DSO AppDynamites
Inventory files for Windows Non-Prod servers,Story,DSOTEAM,jam01370,,3,4,"As a solutions engineer, I want to create Ansible inventory files for Windows Non-Prod servers so that playbooks can run on the targeted hosts.",,DSOPROG-437,DSO AppDynamites
Provision mount for AppDynamics,Story,DSOTEAM,jam01370,,4,4,"As a solutions engineer, I want to create an Ansible playbook to provision /tjx/appdynamics mount with 5 GB disk space and required permissions to support AppD installation.",,DSOPROG-437,DSO AppDynamites
Deploy & configure Linux machine agents for AppDynamics ,Story,DSOTEAM,jam01370,,3,4,"As a solutions engineer, I want to create an Ansible playbook to deploy and configure Linux machine agents to support AppDynamics.",,DSOPROG-437,DSO AppDynamites
Deploy & configure Linux java agents for AppDynamics ,Story,DSOTEAM,jam01370,,3,4,"As a solutions engineer, I want to create an Ansible playbook to deploy and configure Linux java agents to support AppDynamics.",,DSOPROG-437,DSO AppDynamites
Upgrade AddDynamics,Story,DSOTEAM,jam01370,,3,4,"As a solutions engineer, I want to implement an Ansible playbook to upgrade AppDynamics on existing Linux nodes so that performance can be kept up to date.",,DSOPROG-437,DSO AppDynamites
